Source,Target,Type,Weight
0,109,Undirected,10
1,36,Undirected,10
1,61,Undirected,10
2,152,Undirected,10
3,104,Undirected,10
4,132,Undirected,10
4,168,Undirected,10
5,217,Undirected,10
7,173,Undirected,10
7,177,Undirected,10
8,53,Undirected,10
9,105,Undirected,10
9,106,Undirected,10
9,128,Undirected,10
9,152,Undirected,10
10,8,Undirected,10
10,25,Undirected,10
10,61,Undirected,10
10,70,Undirected,10
10,105,Undirected,10
10,133,Undirected,10
10,223,Undirected,10
11,68,Undirected,10
11,78,Undirected,10
11,106,Undirected,10
11,191,Undirected,10
12,204,Undirected,10
13,179,Undirected,10
14,120,Undirected,10
14,159,Undirected,10
14,172,Undirected,10
18,130,Undirected,10
19,11,Undirected,10
19,112,Undirected,10
20,154,Undirected,10
21,36,Undirected,10
21,49,Undirected,10
21,109,Undirected,10
21,111,Undirected,10
22,77,Undirected,10
22,104,Undirected,10
22,106,Undirected,10
22,164,Undirected,10
24,44,Undirected,10
24,45,Undirected,10
25,69,Undirected,10
27,41,Undirected,10
27,98,Undirected,10
27,136,Undirected,10
27,203,Undirected,10
28,120,Undirected,10
30,11,Undirected,10
30,22,Undirected,10
30,168,Undirected,10
30,169,Undirected,10
31,63,Undirected,10
34,45,Undirected,10
34,61,Undirected,10
35,37,Undirected,10
35,69,Undirected,10
35,103,Undirected,10
35,111,Undirected,10
36,84,Undirected,10
36,123,Undirected,10
37,18,Undirected,10
37,78,Undirected,10
37,87,Undirected,10
37,101,Undirected,10
37,157,Undirected,10
37,181,Undirected,10
37,197,Undirected,10
37,213,Undirected,10
38,6,Undirected,10
38,84,Undirected,10
41,0,Undirected,10
41,2,Undirected,10
41,4,Undirected,10
41,9,Undirected,10
41,10,Undirected,10
41,11,Undirected,10
41,19,Undirected,10
41,22,Undirected,10
41,25,Undirected,10
41,28,Undirected,10
41,30,Undirected,10
41,31,Undirected,10
41,35,Undirected,10
41,49,Undirected,10
41,77,Undirected,10
41,131,Undirected,10
41,132,Undirected,10
41,193,Undirected,10
41,214,Undirected,10
41,223,Undirected,10
41,226,Undirected,10
42,18,Undirected,10
43,11,Undirected,10
43,154,Undirected,10
44,21,Undirected,10
44,41,Undirected,10
44,71,Undirected,10
44,77,Undirected,10
44,131,Undirected,10
45,25,Undirected,10
45,41,Undirected,10
45,43,Undirected,10
45,83,Undirected,10
45,123,Undirected,10
45,132,Undirected,10
45,180,Undirected,10
47,18,Undirected,10
48,11,Undirected,10
48,35,Undirected,10
48,41,Undirected,10
48,205,Undirected,10
49,70,Undirected,10
49,138,Undirected,10
49,157,Undirected,10
49,176,Undirected,10
49,182,Undirected,10
50,0,Undirected,10
50,1,Undirected,10
50,2,Undirected,10
50,3,Undirected,10
50,6,Undirected,10
50,8,Undirected,10
50,9,Undirected,10
50,10,Undirected,10
50,11,Undirected,10
50,12,Undirected,10
50,19,Undirected,10
50,20,Undirected,10
50,22,Undirected,10
50,25,Undirected,10
50,27,Undirected,10
50,28,Undirected,10
50,30,Undirected,10
50,31,Undirected,10
50,32,Undirected,10
50,33,Undirected,10
50,34,Undirected,10
50,35,Undirected,10
50,36,Undirected,10
50,37,Undirected,10
50,38,Undirected,10
50,41,Undirected,10
50,44,Undirected,10
50,45,Undirected,10
50,48,Undirected,10
50,49,Undirected,10
51,26,Undirected,10
53,37,Undirected,10
53,48,Undirected,10
53,50,Undirected,10
53,118,Undirected,10
53,152,Undirected,10
53,172,Undirected,10
53,189,Undirected,10
53,226,Undirected,10
55,37,Undirected,10
55,69,Undirected,10
55,105,Undirected,10
56,192,Undirected,10
57,50,Undirected,10
58,50,Undirected,10
59,19,Undirected,10
59,21,Undirected,10
59,50,Undirected,10
59,146,Undirected,10
59,180,Undirected,10
61,30,Undirected,10
61,41,Undirected,10
61,50,Undirected,10
61,70,Undirected,10
61,84,Undirected,10
61,145,Undirected,10
62,40,Undirected,10
63,24,Undirected,10
65,27,Undirected,10
65,48,Undirected,10
65,50,Undirected,10
65,206,Undirected,10
68,17,Undirected,10
68,50,Undirected,10
68,65,Undirected,10
68,106,Undirected,10
69,41,Undirected,10
69,50,Undirected,10
69,87,Undirected,10
69,92,Undirected,10
69,119,Undirected,10
69,125,Undirected,10
69,168,Undirected,10
69,203,Undirected,10
69,213,Undirected,10
70,4,Undirected,10
70,9,Undirected,10
70,11,Undirected,10
70,19,Undirected,10
70,22,Undirected,10
70,37,Undirected,10
70,41,Undirected,10
70,43,Undirected,10
70,44,Undirected,10
70,48,Undirected,10
70,50,Undirected,10
70,56,Undirected,10
70,59,Undirected,10
70,65,Undirected,10
70,69,Undirected,10
70,77,Undirected,10
70,86,Undirected,10
70,133,Undirected,10
70,172,Undirected,10
70,198,Undirected,10
70,211,Undirected,10
71,134,Undirected,10
72,37,Undirected,10
72,51,Undirected,10
72,80,Undirected,10
72,93,Undirected,10
73,50,Undirected,10
74,50,Undirected,10
74,172,Undirected,10
74,185,Undirected,10
75,41,Undirected,10
75,49,Undirected,10
75,50,Undirected,10
75,77,Undirected,10
75,120,Undirected,10
75,128,Undirected,10
75,181,Undirected,10
76,22,Undirected,10
77,9,Undirected,10
77,50,Undirected,10
77,74,Undirected,10
77,111,Undirected,10
77,125,Undirected,10
78,70,Undirected,10
78,84,Undirected,10
79,44,Undirected,10
79,50,Undirected,10
80,0,Undirected,10
80,1,Undirected,10
80,2,Undirected,10
80,4,Undirected,10
80,5,Undirected,10
80,8,Undirected,10
80,9,Undirected,10
80,10,Undirected,10
80,11,Undirected,10
80,14,Undirected,10
80,18,Undirected,10
80,19,Undirected,10
80,20,Undirected,10
80,22,Undirected,10
80,25,Undirected,10
80,27,Undirected,10
80,29,Undirected,10
80,34,Undirected,10
80,35,Undirected,10
80,37,Undirected,10
80,41,Undirected,10
80,43,Undirected,10
80,44,Undirected,10
80,45,Undirected,10
80,48,Undirected,10
80,49,Undirected,10
80,50,Undirected,10
80,52,Undirected,10
80,55,Undirected,10
80,56,Undirected,10
80,67,Undirected,10
80,69,Undirected,10
80,70,Undirected,10
80,75,Undirected,10
80,77,Undirected,10
80,78,Undirected,10
80,79,Undirected,10
80,91,Undirected,10
80,122,Undirected,10
80,125,Undirected,10
80,128,Undirected,10
80,203,Undirected,10
80,219,Undirected,10
80,229,Undirected,10
81,13,Undirected,10
82,44,Undirected,10
82,59,Undirected,10
82,105,Undirected,10
82,157,Undirected,10
82,205,Undirected,10
82,219,Undirected,10
82,229,Undirected,10
83,106,Undirected,10
84,2,Undirected,10
84,9,Undirected,10
84,11,Undirected,10
84,19,Undirected,10
84,25,Undirected,10
84,27,Undirected,10
84,28,Undirected,10
84,35,Undirected,10
84,37,Undirected,10
84,45,Undirected,10
84,48,Undirected,10
84,50,Undirected,10
84,65,Undirected,10
84,69,Undirected,10
84,70,Undirected,10
84,75,Undirected,10
84,77,Undirected,10
84,80,Undirected,10
84,128,Undirected,10
84,150,Undirected,10
84,168,Undirected,10
84,179,Undirected,10
84,181,Undirected,10
84,190,Undirected,10
84,192,Undirected,10
85,172,Undirected,10
86,9,Undirected,10
86,41,Undirected,10
86,49,Undirected,10
86,50,Undirected,10
86,75,Undirected,10
86,80,Undirected,10
86,84,Undirected,10
87,9,Undirected,10
87,10,Undirected,10
87,25,Undirected,10
87,30,Undirected,10
87,41,Undirected,10
87,48,Undirected,10
87,50,Undirected,10
87,65,Undirected,10
87,70,Undirected,10
87,80,Undirected,10
87,84,Undirected,10
87,90,Undirected,10
87,97,Undirected,10
87,194,Undirected,10
87,212,Undirected,10
87,230,Undirected,10
88,32,Undirected,10
88,50,Undirected,10
88,59,Undirected,10
88,61,Undirected,10
88,104,Undirected,10
89,18,Undirected,10
90,45,Undirected,10
90,75,Undirected,10
90,83,Undirected,10
92,80,Undirected,10
92,87,Undirected,10
92,130,Undirected,10
93,50,Undirected,10
93,106,Undirected,10
93,111,Undirected,10
93,157,Undirected,10
93,185,Undirected,10
94,18,Undirected,10
95,41,Undirected,10
95,44,Undirected,10
95,49,Undirected,10
95,50,Undirected,10
95,80,Undirected,10
96,11,Undirected,10
96,27,Undirected,10
96,50,Undirected,10
96,70,Undirected,10
96,80,Undirected,10
96,84,Undirected,10
96,98,Undirected,10
96,106,Undirected,10
96,149,Undirected,10
97,41,Undirected,10
97,50,Undirected,10
97,59,Undirected,10
97,61,Undirected,10
97,68,Undirected,10
97,70,Undirected,10
97,134,Undirected,10
98,12,Undirected,10
98,41,Undirected,10
98,50,Undirected,10
98,72,Undirected,10
98,80,Undirected,10
98,84,Undirected,10
98,93,Undirected,10
99,26,Undirected,10
100,70,Undirected,10
101,41,Undirected,10
101,80,Undirected,10
101,87,Undirected,10
101,191,Undirected,10
102,41,Undirected,10
102,50,Undirected,10
102,70,Undirected,10
102,80,Undirected,10
102,118,Undirected,10
102,127,Undirected,10
102,172,Undirected,10
102,192,Undirected,10
102,194,Undirected,10
103,41,Undirected,10
103,70,Undirected,10
103,82,Undirected,10
104,41,Undirected,10
104,50,Undirected,10
104,82,Undirected,10
104,185,Undirected,10
104,223,Undirected,10
105,2,Undirected,10
105,35,Undirected,10
105,45,Undirected,10
105,50,Undirected,10
105,63,Undirected,10
105,70,Undirected,10
105,80,Undirected,10
105,84,Undirected,10
105,87,Undirected,10
105,102,Undirected,10
105,104,Undirected,10
105,115,Undirected,10
105,180,Undirected,10
105,213,Undirected,10
106,35,Undirected,10
106,41,Undirected,10
106,50,Undirected,10
106,70,Undirected,10
106,79,Undirected,10
106,80,Undirected,10
106,84,Undirected,10
106,115,Undirected,10
107,80,Undirected,10
109,20,Undirected,10
109,24,Undirected,10
109,41,Undirected,10
109,45,Undirected,10
109,48,Undirected,10
109,49,Undirected,10
109,50,Undirected,10
109,70,Undirected,10
109,80,Undirected,10
109,84,Undirected,10
109,87,Undirected,10
109,105,Undirected,10
109,106,Undirected,10
109,200,Undirected,10
110,13,Undirected,10
110,70,Undirected,10
110,80,Undirected,10
111,41,Undirected,10
111,44,Undirected,10
111,50,Undirected,10
111,80,Undirected,10
111,82,Undirected,10
111,84,Undirected,10
111,97,Undirected,10
111,125,Undirected,10
111,168,Undirected,10
111,224,Undirected,10
112,50,Undirected,10
112,84,Undirected,10
112,175,Undirected,10
114,22,Undirected,10
114,50,Undirected,10
115,44,Undirected,10
115,45,Undirected,10
115,50,Undirected,10
115,54,Undirected,10
115,84,Undirected,10
115,87,Undirected,10
115,127,Undirected,10
115,200,Undirected,10
115,203,Undirected,10
117,0,Undirected,10
117,80,Undirected,10
118,7,Undirected,10
118,24,Undirected,10
118,50,Undirected,10
118,66,Undirected,10
118,70,Undirected,10
118,80,Undirected,10
118,84,Undirected,10
118,87,Undirected,10
118,109,Undirected,10
118,115,Undirected,10
119,37,Undirected,10
119,41,Undirected,10
119,50,Undirected,10
119,70,Undirected,10
119,80,Undirected,10
119,95,Undirected,10
119,211,Undirected,10
120,2,Undirected,10
120,9,Undirected,10
120,36,Undirected,10
120,41,Undirected,10
120,50,Undirected,10
120,80,Undirected,10
120,84,Undirected,10
120,92,Undirected,10
120,96,Undirected,10
120,229,Undirected,10
121,70,Undirected,10
122,41,Undirected,10
122,145,Undirected,10
122,182,Undirected,10
123,41,Undirected,10
123,50,Undirected,10
123,80,Undirected,10
123,84,Undirected,10
123,87,Undirected,10
124,64,Undirected,10
125,35,Undirected,10
125,50,Undirected,10
125,59,Undirected,10
125,119,Undirected,10
126,70,Undirected,10
127,0,Undirected,10
127,50,Undirected,10
127,70,Undirected,10
127,80,Undirected,10
127,84,Undirected,10
127,87,Undirected,10
127,106,Undirected,10
127,109,Undirected,10
127,118,Undirected,10
127,189,Undirected,10
128,14,Undirected,10
128,20,Undirected,10
128,31,Undirected,10
128,41,Undirected,10
128,49,Undirected,10
128,50,Undirected,10
128,70,Undirected,10
128,82,Undirected,10
128,168,Undirected,10
128,207,Undirected,10
129,80,Undirected,10
130,0,Undirected,10
130,5,Undirected,10
130,9,Undirected,10
130,10,Undirected,10
130,11,Undirected,10
130,13,Undirected,50
130,14,Undirected,50
130,19,Undirected,50
130,22,Undirected,50
130,25,Undirected,50
130,34,Undirected,50
130,35,Undirected,50
130,37,Undirected,50
130,41,Undirected,50
130,44,Undirected,50
130,45,Undirected,50
130,46,Undirected,50
130,48,Undirected,50
130,49,Undirected,50
130,50,Undirected,50
130,55,Undirected,50
130,59,Undirected,50
130,61,Undirected,50
130,65,Undirected,50
130,69,Undirected,50
130,70,Undirected,50
130,76,Undirected,50
130,77,Undirected,50
130,78,Undirected,50
130,79,Undirected,50
130,80,Undirected,50
130,81,Undirected,50
130,82,Undirected,50
130,84,Undirected,50
130,86,Undirected,50
130,87,Undirected,50
130,96,Undirected,50
130,97,Undirected,50
130,101,Undirected,50
130,105,Undirected,50
130,106,Undirected,50
130,109,Undirected,50
130,110,Undirected,50
130,111,Undirected,50
130,113,Undirected,50
130,115,Undirected,50
130,118,Undirected,50
130,119,Undirected,50
130,120,Undirected,50
130,122,Undirected,50
130,127,Undirected,50
130,128,Undirected,50
131,50,Undirected,50
131,80,Undirected,50
131,130,Undirected,50
131,219,Undirected,50
132,20,Undirected,50
132,48,Undirected,50
132,50,Undirected,50
132,70,Undirected,50
132,80,Undirected,50
132,84,Undirected,50
132,91,Undirected,50
132,118,Undirected,50
132,130,Undirected,50
133,46,Undirected,50
133,130,Undirected,50
134,36,Undirected,50
134,50,Undirected,50
134,80,Undirected,50
134,84,Undirected,50
134,135,Undirected,50
134,171,Undirected,50
134,192,Undirected,50
134,193,Undirected,50
135,10,Undirected,50
135,70,Undirected,50
135,80,Undirected,50
135,97,Undirected,50
136,0,Undirected,50
136,2,Undirected,50
136,4,Undirected,50
136,8,Undirected,50
136,9,Undirected,50
136,10,Undirected,50
136,11,Undirected,50
136,16,Undirected,50
136,18,Undirected,50
136,20,Undirected,50
136,21,Undirected,50
136,24,Undirected,50
136,25,Undirected,50
136,26,Undirected,50
136,30,Undirected,50
136,31,Undirected,50
136,33,Undirected,50
136,34,Undirected,50
136,35,Undirected,50
136,36,Undirected,50
136,37,Undirected,50
136,39,Undirected,50
136,40,Undirected,50
136,41,Undirected,50
136,43,Undirected,50
136,44,Undirected,50
136,45,Undirected,50
136,48,Undirected,50
136,49,Undirected,50
136,50,Undirected,50
136,51,Undirected,50
136,53,Undirected,50
136,54,Undirected,50
136,59,Undirected,50
136,62,Undirected,50
136,63,Undirected,50
136,64,Undirected,50
136,65,Undirected,50
136,68,Undirected,50
136,69,Undirected,50
136,70,Undirected,50
136,71,Undirected,50
136,72,Undirected,50
136,74,Undirected,50
136,75,Undirected,50
136,79,Undirected,50
136,80,Undirected,50
136,82,Undirected,50
136,83,Undirected,50
136,84,Undirected,50
136,85,Undirected,50
136,87,Undirected,50
136,90,Undirected,50
136,92,Undirected,50
136,93,Undirected,50
136,97,Undirected,50
136,98,Undirected,50
136,99,Undirected,50
136,101,Undirected,50
136,102,Undirected,50
136,103,Undirected,50
136,104,Undirected,50
136,105,Undirected,50
136,106,Undirected,50
136,109,Undirected,50
136,111,Undirected,50
136,114,Undirected,50
136,115,Undirected,50
136,118,Undirected,50
136,119,Undirected,50
136,120,Undirected,50
136,124,Undirected,50
136,125,Undirected,50
136,127,Undirected,50
136,128,Undirected,50
136,130,Undirected,50
136,132,Undirected,50
136,133,Undirected,50
136,134,Undirected,50
136,135,Undirected,50
136,210,Undirected,50
137,136,Undirected,50
137,171,Undirected,50
138,80,Undirected,50
138,115,Undirected,50
138,130,Undirected,50
139,118,Undirected,50
140,99,Undirected,50
140,136,Undirected,50
141,9,Undirected,50
141,134,Undirected,50
141,136,Undirected,50
141,224,Undirected,50
142,70,Undirected,50
143,18,Undirected,50
144,18,Undirected,50
145,13,Undirected,50
145,70,Undirected,50
145,130,Undirected,50
146,136,Undirected,50
146,176,Undirected,50
147,136,Undirected,50
148,118,Undirected,50
149,50,Undirected,50
149,210,Undirected,50
149,215,Undirected,50
150,50,Undirected,50
151,50,Undirected,50
151,136,Undirected,50
152,1,Undirected,50
152,41,Undirected,50
152,50,Undirected,50
152,70,Undirected,50
152,80,Undirected,50
152,82,Undirected,50
152,84,Undirected,50
152,85,Undirected,50
152,95,Undirected,50
152,102,Undirected,50
152,130,Undirected,50
152,136,Undirected,50
152,229,Undirected,50
153,136,Undirected,50
154,0,Undirected,50
154,2,Undirected,50
154,4,Undirected,50
154,8,Undirected,50
154,9,Undirected,50
154,11,Undirected,50
154,19,Undirected,50
154,22,Undirected,50
154,25,Undirected,50
154,27,Undirected,50
154,28,Undirected,50
154,34,Undirected,50
154,35,Undirected,50
154,37,Undirected,50
154,41,Undirected,50
154,44,Undirected,50
154,48,Undirected,50
154,50,Undirected,50
154,59,Undirected,50
154,65,Undirected,50
154,69,Undirected,50
154,70,Undirected,50
154,75,Undirected,50
154,77,Undirected,50
154,80,Undirected,50
154,84,Undirected,50
154,87,Undirected,50
154,95,Undirected,50
154,97,Undirected,50
154,98,Undirected,50
154,103,Undirected,50
154,105,Undirected,50
154,106,Undirected,50
154,111,Undirected,50
154,118,Undirected,50
154,119,Undirected,50
154,120,Undirected,50
154,123,Undirected,50
154,127,Undirected,50
154,128,Undirected,50
154,130,Undirected,50
154,132,Undirected,50
154,134,Undirected,50
154,135,Undirected,50
154,136,Undirected,50
154,152,Undirected,50
155,80,Undirected,50
156,24,Undirected,50
157,41,Undirected,50
157,50,Undirected,50
157,53,Undirected,50
157,70,Undirected,50
157,80,Undirected,50
157,136,Undirected,50
157,154,Undirected,50
159,50,Undirected,50
159,70,Undirected,50
159,72,Undirected,50
159,87,Undirected,50
159,130,Undirected,50
159,136,Undirected,50
159,168,Undirected,50
160,70,Undirected,50
160,80,Undirected,50
161,39,Undirected,50
161,136,Undirected,50
162,70,Undirected,50
162,80,Undirected,50
163,20,Undirected,50
163,45,Undirected,50
163,50,Undirected,50
163,70,Undirected,50
163,80,Undirected,50
163,84,Undirected,50
163,87,Undirected,50
163,106,Undirected,50
163,118,Undirected,50
163,127,Undirected,50
163,130,Undirected,50
163,131,Undirected,50
163,132,Undirected,50
163,136,Undirected,50
163,154,Undirected,50
163,192,Undirected,50
163,195,Undirected,50
164,41,Undirected,50
164,50,Undirected,50
164,53,Undirected,50
164,80,Undirected,50
164,128,Undirected,50
164,136,Undirected,50
164,185,Undirected,50
164,215,Undirected,50
165,35,Undirected,50
165,41,Undirected,50
165,50,Undirected,50
165,70,Undirected,50
165,80,Undirected,50
165,84,Undirected,50
165,106,Undirected,50
165,154,Undirected,50
168,37,Undirected,50
168,41,Undirected,50
168,48,Undirected,50
168,50,Undirected,50
168,70,Undirected,50
168,80,Undirected,50
168,87,Undirected,50
168,96,Undirected,50
168,103,Undirected,50
168,106,Undirected,50
168,130,Undirected,50
168,136,Undirected,50
168,195,Undirected,50
169,41,Undirected,50
169,49,Undirected,50
169,50,Undirected,50
169,70,Undirected,50
169,80,Undirected,50
169,130,Undirected,50
169,136,Undirected,50
169,154,Undirected,50
169,159,Undirected,50
170,136,Undirected,50
171,19,Undirected,10
171,30,Undirected,10
171,41,Undirected,100
171,44,Undirected,100
171,49,Undirected,100
171,50,Undirected,100
171,70,Undirected,100
171,80,Undirected,100
171,86,Undirected,100
171,130,Undirected,100
171,136,Undirected,100
171,154,Undirected,100
171,219,Undirected,100
172,12,Undirected,100
172,41,Undirected,100
172,50,Undirected,100
172,55,Undirected,100
172,80,Undirected,100
172,86,Undirected,100
172,96,Undirected,100
172,109,Undirected,100
172,120,Undirected,100
172,130,Undirected,100
172,136,Undirected,100
172,154,Undirected,100
172,176,Undirected,100
172,207,Undirected,100
172,208,Undirected,100
173,23,Undirected,100
173,24,Undirected,100
173,41,Undirected,100
173,48,Undirected,100
173,60,Undirected,100
173,65,Undirected,100
173,69,Undirected,100
173,70,Undirected,100
173,80,Undirected,100
173,82,Undirected,100
173,103,Undirected,100
173,108,Undirected,100
173,118,Undirected,100
173,127,Undirected,100
173,135,Undirected,100
173,136,Undirected,100
173,154,Undirected,100
173,158,Undirected,100
173,160,Undirected,100
173,162,Undirected,100
173,167,Undirected,100
174,24,Undirected,100
175,2,Undirected,100
175,50,Undirected,100
175,105,Undirected,100
175,130,Undirected,100
175,136,Undirected,100
176,41,Undirected,100
176,50,Undirected,100
176,70,Undirected,100
176,80,Undirected,100
176,87,Undirected,100
176,106,Undirected,100
176,130,Undirected,100
176,136,Undirected,100
176,138,Undirected,100
176,154,Undirected,100
176,159,Undirected,100
176,175,Undirected,100
176,200,Undirected,100
177,118,Undirected,100
177,173,Undirected,100
178,80,Undirected,100
178,154,Undirected,100
179,35,Undirected,100
179,122,Undirected,100
179,130,Undirected,100
179,217,Undirected,100
180,70,Undirected,100
180,80,Undirected,100
180,130,Undirected,100
180,169,Undirected,100
180,171,Undirected,100
181,50,Undirected,100
181,93,Undirected,100
181,136,Undirected,100
182,50,Undirected,100
182,70,Undirected,100
182,128,Undirected,100
182,130,Undirected,100
182,171,Undirected,100
183,70,Undirected,100
183,80,Undirected,100
183,118,Undirected,100
183,173,Undirected,100
184,18,Undirected,100
185,41,Undirected,100
185,50,Undirected,100
185,80,Undirected,100
185,84,Undirected,100
185,86,Undirected,100
185,114,Undirected,100
185,130,Undirected,100
185,136,Undirected,100
185,154,Undirected,100
185,212,Undirected,100
186,30,Undirected,100
186,50,Undirected,100
186,80,Undirected,100
187,173,Undirected,100
188,118,Undirected,100
188,173,Undirected,100
189,10,Undirected,100
189,20,Undirected,100
189,21,Undirected,100
189,24,Undirected,100
189,41,Undirected,100
189,45,Undirected,100
189,49,Undirected,100
189,50,Undirected,100
189,70,Undirected,100
189,80,Undirected,10
189,84,Undirected,10
189,87,Undirected,10
189,106,Undirected,10
189,118,Undirected,10
189,130,Undirected,10
189,134,Undirected,10
189,136,Undirected,10
189,154,Undirected,10
189,173,Undirected,30
189,200,Undirected,30
190,70,Undirected,300
190,80,Undirected,300
190,120,Undirected,300
190,130,Undirected,300
190,171,Undirected,300
190,172,Undirected,300
191,50,Undirected,300
191,70,Undirected,300
191,80,Undirected,10
191,134,Undirected,10
191,136,Undirected,10
191,173,Undirected,10
192,9,Undirected,10
192,11,Undirected,1000
192,18,Undirected,1000
192,24,Undirected,10
192,44,Undirected,10
192,48,Undirected,10
192,50,Undirected,10
192,59,Undirected,10
192,63,Undirected,10
192,66,Undirected,10
192,68,Undirected,10
192,70,Undirected,10
192,71,Undirected,10
192,80,Undirected,10
192,82,Undirected,10
192,83,Undirected,10
192,90,Undirected,10
192,103,Undirected,10
192,111,Undirected,10
192,118,Undirected,10
192,127,Undirected,10
192,135,Undirected,10
192,136,Undirected,10
192,137,Undirected,10
192,148,Undirected,10
192,152,Undirected,10
192,154,Undirected,10
192,160,Undirected,10
192,162,Undirected,10
192,168,Undirected,10
192,172,Undirected,10
192,173,Undirected,10
192,176,Undirected,10
192,181,Undirected,10
192,183,Undirected,10
192,189,Undirected,10
192,191,Undirected,10
193,0,Undirected,10
193,50,Undirected,10
193,53,Undirected,10
193,70,Undirected,10
193,80,Undirected,10
193,130,Undirected,10
193,136,Undirected,10
193,154,Undirected,10
194,25,Undirected,10
194,41,Undirected,10
194,50,Undirected,10
194,70,Undirected,10
194,109,Undirected,10
194,115,Undirected,10
194,118,Undirected,10
194,136,Undirected,10
194,154,Undirected,10
194,173,Undirected,10
194,189,Undirected,10
194,192,Undirected,10
195,41,Undirected,10
195,50,Undirected,10
195,69,Undirected,10
195,70,Undirected,10
195,80,Undirected,10
195,84,Undirected,10
195,102,Undirected,10
195,109,Undirected,10
195,115,Undirected,10
195,118,Undirected,10
195,136,Undirected,10
195,146,Undirected,10
195,154,Undirected,10
195,173,Undirected,10
195,192,Undirected,10
196,118,Undirected,10
197,41,Undirected,10
197,50,Undirected,10
197,80,Undirected,10
197,154,Undirected,10
198,44,Undirected,10
198,50,Undirected,10
198,80,Undirected,10
198,130,Undirected,10
198,136,Undirected,10
198,152,Undirected,10
198,154,Undirected,10
199,50,Undirected,10
199,136,Undirected,10
199,221,Undirected,10
200,15,Undirected,10
200,17,Undirected,10
200,18,Undirected,10
200,23,Undirected,10
200,24,Undirected,10
200,41,Undirected,10
200,48,Undirected,10
200,50,Undirected,10
200,60,Undirected,10
200,63,Undirected,10
200,65,Undirected,10
200,66,Undirected,10
200,68,Undirected,10
200,69,Undirected,10
200,70,Undirected,10
200,71,Undirected,10
200,80,Undirected,10
200,83,Undirected,10
200,84,Undirected,10
200,90,Undirected,10
200,103,Undirected,10
200,116,Undirected,10
200,118,Undirected,10
200,127,Undirected,10
200,130,Undirected,10
200,135,Undirected,10
200,136,Undirected,10
200,137,Undirected,10
200,146,Undirected,10
200,148,Undirected,10
200,154,Undirected,10
200,156,Undirected,10
200,160,Undirected,10
200,162,Undirected,10
200,166,Undirected,10
200,173,Undirected,10
200,174,Undirected,10
200,183,Undirected,10
200,187,Undirected,10
200,188,Undirected,10
200,191,Undirected,10
200,192,Undirected,10
200,193,Undirected,10
200,194,Undirected,10
200,195,Undirected,10
201,113,Undirected,10
201,130,Undirected,10
202,79,Undirected,10
202,136,Undirected,10
202,147,Undirected,10
203,10,Undirected,10
203,41,Undirected,10
203,50,Undirected,10
203,70,Undirected,10
203,84,Undirected,10
203,109,Undirected,10
203,130,Undirected,10
203,136,Undirected,10
203,154,Undirected,10
203,168,Undirected,10
203,173,Undirected,10
203,189,Undirected,10
203,192,Undirected,10
203,200,Undirected,10
204,41,Undirected,10
204,50,Undirected,10
204,57,Undirected,10
204,80,Undirected,10
204,88,Undirected,10
204,136,Undirected,10
204,186,Undirected,10
205,41,Undirected,10
205,50,Undirected,10
205,69,Undirected,10
205,70,Undirected,10
205,80,Undirected,10
205,84,Undirected,10
205,87,Undirected,10
205,130,Undirected,10
205,136,Undirected,10
205,154,Undirected,10
205,173,Undirected,10
205,175,Undirected,10
206,24,Undirected,10
206,102,Undirected,10
206,136,Undirected,10
206,173,Undirected,10
206,192,Undirected,10
206,200,Undirected,10
207,28,Undirected,10
207,45,Undirected,10
207,50,Undirected,10
207,70,Undirected,10
207,130,Undirected,10
207,131,Undirected,10
207,136,Undirected,10
207,169,Undirected,10
208,10,Undirected,10
208,50,Undirected,10
208,149,Undirected,10
209,200,Undirected,10
210,50,Undirected,10
210,80,Undirected,10
210,84,Undirected,10
210,87,Undirected,10
210,111,Undirected,10
210,119,Undirected,10
210,154,Undirected,10
211,20,Undirected,10
211,41,Undirected,10
211,50,Undirected,10
211,84,Undirected,10
211,106,Undirected,10
211,134,Undirected,10
211,154,Undirected,10
212,44,Undirected,10
212,80,Undirected,10
212,111,Undirected,10
212,130,Undirected,10
212,152,Undirected,10
213,20,Undirected,10
213,41,Undirected,10
213,50,Undirected,10
213,70,Undirected,10
213,80,Undirected,10
213,84,Undirected,10
213,87,Undirected,10
213,91,Undirected,10
213,130,Undirected,10
213,136,Undirected,10
213,154,Undirected,10
214,50,Undirected,10
215,20,Undirected,10
215,50,Undirected,10
215,150,Undirected,10
216,173,Undirected,10
216,192,Undirected,10
216,200,Undirected,10
217,41,Undirected,10
217,50,Undirected,10
217,130,Undirected,10
217,145,Undirected,10
218,25,Undirected,10
218,59,Undirected,10
218,70,Undirected,10
218,80,Undirected,10
218,136,Undirected,10
218,154,Undirected,10
218,192,Undirected,10
219,34,Undirected,10
219,41,Undirected,10
219,50,Undirected,10
219,70,Undirected,10
219,130,Undirected,10
219,136,Undirected,10
219,154,Undirected,10
220,50,Undirected,10
221,31,Undirected,10
221,32,Undirected,10
221,41,Undirected,10
221,50,Undirected,10
222,200,Undirected,10
223,4,Undirected,10
223,37,Undirected,10
223,45,Undirected,10
223,50,Undirected,10
223,70,Undirected,10
223,74,Undirected,10
223,80,Undirected,10
223,84,Undirected,10
223,130,Undirected,10
223,136,Undirected,10
223,192,Undirected,10
224,93,Undirected,10
224,136,Undirected,10
225,136,Undirected,10
225,170,Undirected,10
226,50,Undirected,10
226,105,Undirected,10
226,136,Undirected,10
227,36,Undirected,10
227,50,Undirected,10
228,50,Undirected,10
228,130,Undirected,10
228,219,Undirected,10
229,41,Undirected,10
229,50,Undirected,10
229,70,Undirected,10
229,77,Undirected,10
229,130,Undirected,10
229,136,Undirected,10
229,154,Undirected,10
229,176,Undirected,10
230,80,Undirected,10
231,80,Undirected,10
232,200,Undirected,10
233,35,Undirected,10
233,136,Undirected,10
234,50,Undirected,10
234,164,Undirected,10
